dataset,size,algorithm,avg_time_us,char_comparisons
random,100,standard_quicksort,471.682,15952
random,100,standard_mergesort,145.469,623
random,100,ternary_string_quicksort,62.983,617
random,100,string_mergesort_lcp,188.011,623
random,100,msd_radix_sort,104.752,0
random,100,msd_radix_sort_hybrid,35.561,61
random,500,standard_quicksort,2450.377,75061
random,500,standard_mergesort,988.651,4863
random,500,ternary_string_quicksort,429.101,4148
random,500,string_mergesort_lcp,1210.584,4863
random,500,msd_radix_sort,392.495,0
random,500,msd_radix_sort_hybrid,237.402,979
random,1000,standard_quicksort,4840.901,147522
random,1000,standard_mergesort,2128.500,11611
random,1000,ternary_string_quicksort,966.639,9250
random,1000,string_mergesort_lcp,2691.697,11611
random,1000,msd_radix_sort,733.120,0
random,1000,msd_radix_sort_hybrid,581.764,2918
random,2000,standard_quicksort,10624.867,308774
random,2000,standard_mergesort,5033.774,27194
random,2000,ternary_string_quicksort,2372.651,22646
random,2000,string_mergesort_lcp,5982.529,27194
random,2000,msd_radix_sort,1597.206,0
random,2000,msd_radix_sort_hybrid,1371.728,8034
random,3000,standard_quicksort,16445.832,471192
random,3000,standard_mergesort,7772.842,44615
random,3000,ternary_string_quicksort,3728.448,36878
random,3000,string_mergesort_lcp,9806.535,44615
random,3000,msd_radix_sort,2841.349,0
random,3000,msd_radix_sort_hybrid,2377.221,13799
sorted,100,standard_quicksort,435.787,13758
sorted,100,standard_mergesort,153.566,687
sorted,100,ternary_string_quicksort,83.993,816
sorted,100,string_mergesort_lcp,206.885,687
sorted,100,msd_radix_sort,122.899,0
sorted,100,msd_radix_sort_hybrid,106.787,692
sorted,500,standard_quicksort,1932.449,60170
sorted,500,standard_mergesort,878.957,3844
sorted,500,ternary_string_quicksort,594.281,5863
sorted,500,string_mergesort_lcp,1133.771,3844
sorted,500,msd_radix_sort,474.360,0
sorted,500,msd_radix_sort_hybrid,465.743,3491
sorted,1000,standard_quicksort,3454.184,118768
sorted,1000,standard_mergesort,1841.184,8203
sorted,1000,ternary_string_quicksort,1772.051,18408
sorted,1000,string_mergesort_lcp,2576.630,8203
sorted,1000,msd_radix_sort,1015.439,0
sorted,1000,msd_radix_sort_hybrid,982.438,7043
sorted,2000,standard_quicksort,7155.389,236554
sorted,2000,standard_mergesort,3963.762,17433
sorted,2000,ternary_string_quicksort,6125.366,62930
sorted,2000,string_mergesort_lcp,5710.452,17433
sorted,2000,msd_radix_sort,2027.460,0
sorted,2000,msd_radix_sort_hybrid,2097.144,13965
sorted,3000,standard_quicksort,14267.580,452025
sorted,3000,standard_mergesort,6337.109,28216
sorted,3000,ternary_string_quicksort,11344.500,120466
sorted,3000,string_mergesort_lcp,7818.636,28216
sorted,3000,msd_radix_sort,2682.606,0
sorted,3000,msd_radix_sort_hybrid,2783.744,20674
reverse_sorted,100,standard_quicksort,372.387,13134
reverse_sorted,100,standard_mergesort,131.061,588
reverse_sorted,100,ternary_string_quicksort,96.718,1017
reverse_sorted,100,string_mergesort_lcp,172.146,588
reverse_sorted,100,msd_radix_sort,83.965,0
reverse_sorted,100,msd_radix_sort_hybrid,178.693,1518
reverse_sorted,500,standard_quicksort,1639.144,55882
reverse_sorted,500,standard_mergesort,837.500,3751
reverse_sorted,500,ternary_string_quicksort,882.146,9337
reverse_sorted,500,string_mergesort_lcp,1066.344,3751
reverse_sorted,500,msd_radix_sort,469.135,0
reverse_sorted,500,msd_radix_sort_hybrid,925.134,8194
reverse_sorted,1000,standard_quicksort,3331.911,114610
reverse_sorted,1000,standard_mergesort,1748.112,7948
reverse_sorted,1000,ternary_string_quicksort,2128.966,23578
reverse_sorted,1000,string_mergesort_lcp,2236.009,7948
reverse_sorted,1000,msd_radix_sort,881.765,0
reverse_sorted,1000,msd_radix_sort_hybrid,1748.856,15497
reverse_sorted,2000,standard_quicksort,6887.808,232403
reverse_sorted,2000,standard_mergesort,3952.724,16948
reverse_sorted,2000,ternary_string_quicksort,6692.168,70954
reverse_sorted,2000,string_mergesort_lcp,4975.365,16948
reverse_sorted,2000,msd_radix_sort,1758.608,0
reverse_sorted,2000,msd_radix_sort_hybrid,3542.352,31693
reverse_sorted,3000,standard_quicksort,13169.331,453328
reverse_sorted,3000,standard_mergesort,6414.657,25869
reverse_sorted,3000,ternary_string_quicksort,14140.394,145969
reverse_sorted,3000,string_mergesort_lcp,7868.571,25869
reverse_sorted,3000,msd_radix_sort,2708.251,0
reverse_sorted,3000,msd_radix_sort_hybrid,5446.910,48108
almost_sorted,100,standard_quicksort,400.536,13758
almost_sorted,100,standard_mergesort,143.528,687
almost_sorted,100,ternary_string_quicksort,78.265,816
almost_sorted,100,string_mergesort_lcp,175.570,687
almost_sorted,100,msd_radix_sort,107.798,0
almost_sorted,100,msd_radix_sort_hybrid,95.147,692
almost_sorted,500,standard_quicksort,2082.225,69759
almost_sorted,500,standard_mergesort,888.088,4644
almost_sorted,500,ternary_string_quicksort,591.015,6352
almost_sorted,500,string_mergesort_lcp,1132.921,4644
almost_sorted,500,msd_radix_sort,472.785,0
almost_sorted,500,msd_radix_sort_hybrid,453.843,3366
almost_sorted,1000,standard_quicksort,4464.227,146443
almost_sorted,1000,standard_mergesort,1979.051,10407
almost_sorted,1000,ternary_string_quicksort,1672.124,17716
almost_sorted,1000,string_mergesort_lcp,2454.817,10407
almost_sorted,1000,msd_radix_sort,892.490,0
almost_sorted,1000,msd_radix_sort_hybrid,890.667,6822
almost_sorted,2000,standard_quicksort,8856.588,297335
almost_sorted,2000,standard_mergesort,4292.532,22866
almost_sorted,2000,ternary_string_quicksort,6046.402,62973
almost_sorted,2000,string_mergesort_lcp,5467.203,22866
almost_sorted,2000,msd_radix_sort,1806.762,0
almost_sorted,2000,msd_radix_sort_hybrid,1874.612,13358
almost_sorted,3000,standard_quicksort,12827.616,422889
almost_sorted,3000,standard_mergesort,6874.536,36022
almost_sorted,3000,ternary_string_quicksort,11184.438,116148
almost_sorted,3000,string_mergesort_lcp,8533.465,36022
almost_sorted,3000,msd_radix_sort,2700.094,0
almost_sorted,3000,msd_radix_sort_hybrid,2701.527,19623
common_prefix,100,standard_quicksort,593.352,18720
common_prefix,100,standard_mergesort,290.727,4967
common_prefix,100,ternary_string_quicksort,93.570,1428
common_prefix,100,string_mergesort_lcp,336.098,4967
common_prefix,100,msd_radix_sort,281.798,0
common_prefix,100,msd_radix_sort_hybrid,215.705,66
common_prefix,500,standard_quicksort,3831.611,117932
common_prefix,500,standard_mergesort,1982.123,35475
common_prefix,500,ternary_string_quicksort,565.123,8054
common_prefix,500,string_mergesort_lcp,2285.064,35475
common_prefix,500,msd_radix_sort,1195.551,0
common_prefix,500,msd_radix_sort_hybrid,1034.707,1063
common_prefix,1000,standard_quicksort,8071.743,248912
common_prefix,1000,standard_mergesort,4587.666,80978
common_prefix,1000,ternary_string_quicksort,1177.324,17379
common_prefix,1000,string_mergesort_lcp,5035.572,80978
common_prefix,1000,msd_radix_sort,2288.689,0
common_prefix,1000,msd_radix_sort_hybrid,2145.257,2986
common_prefix,2000,standard_quicksort,16622.677,518965
common_prefix,2000,standard_mergesort,9910.563,182290
common_prefix,2000,ternary_string_quicksort,2419.326,36365
common_prefix,2000,string_mergesort_lcp,10612.273,182290
common_prefix,2000,msd_radix_sort,4645.400,0
common_prefix,2000,msd_radix_sort_hybrid,4400.533,8233
common_prefix,3000,standard_quicksort,26182.466,808853
common_prefix,3000,standard_mergesort,15594.085,291699
common_prefix,3000,ternary_string_quicksort,4173.358,58883
common_prefix,3000,string_mergesort_lcp,17148.259,291699
common_prefix,3000,msd_radix_sort,7085.349,0
common_prefix,3000,msd_radix_sort_hybrid,6438.333,14561
